{
  "type": "FeatureCollection",
  "features": [
    {
      "type": "Feature",
      "geometry": {
        "type": "Polygon",
        "coordinates": [
          [
            [
              -99.081917,
              19.4215114
            ],
            [
              -99.0818443,
              19.4216318
            ],
            [
              -99.0818484,
              19.4216837
            ],
            [
              -99.0818774,
              19.4217187
            ],
            [
              -99.0820781,
              19.4218333
            ],
            [
              -99.0821131,
              19.4218409
            ],
            [
              -99.0821317,
              19.4218393
            ],
            [
              -99.0821521,
              19.4218265
            ],
            [
              -99.0821808,
              19.4217792
            ],
            [
              -99.0822466,
              19.4216575
            ],
            [
              -99.0821942,
              19.4215536
            ],
            [
              -99.0822379,
              19.421477
            ],
            [
              -99.0821459,
              19.4214231
            ],
            [
              -99.0820908,
              19.4215105
            ],
            [
              -99.081917,
              19.4215114
            ]
          ]
        ]
      },
      "properties": {
        "name": "POSICION 81"
      }
    },
    {
      "type": "Feature",
      "geometry": {
        "type": "Polygon",
        "coordinates": [
          [
            [
              -99.0818971,
              19.4214967
            ],
            [
              -99.0818196,
              19.4216286
            ],
            [
              -99.0818043,
              19.421645
            ],
            [
              -99.0817923,
              19.4216514
            ],
            [
              -99.0817728,
              19.4216591
            ],
            [
              -99.0817468,
              19.4216626
            ],
            [
              -99.0817192,
              19.421659
            ],
            [
              -99.0817092,
              19.4216564
            ],
            [
              -99.081518,
              19.4215394
            ],
            [
              -99.0815102,
              19.4215172
            ],
            [
              -99.0815003,
              19.4214969
            ],
            [
              -99.0815004,
              19.421467
            ],
            [
              -99.0816015,
              19.4213095
            ],
            [
              -99.0816905,
              19.4213182
            ],
            [
              -99.081783,
              19.4211858
            ],
            [
              -99.0819219,
              19.4212707
            ],
            [
              -99.0818456,
              19.4214
            ],
            [
              -99.0818971,
              19.4214967
            ]
          ]
        ]
      },
      "properties": {
        "name": "POSICION 80"
      }
    },
    {
      "type": "Feature",
      "geometry": {
        "type": "Polygon",
        "coordinates": [
          [
            [
              -99.0812543,
              19.4211304
            ],
            [
              -99.0811669,
              19.4212652
            ],
            [
              -99.0811642,
              19.4212809
            ],
            [
              -99.0811624,
              19.4213
            ],
            [
              -99.0811618,
              19.4213126
            ],
            [
              -99.0811659,
              19.421325
            ],
            [
              -99.0811772,
              19.4213473
            ],
            [
              -99.0813724,
              19.421468
            ],
            [
              -99.0813912,
              19.4214718
            ],
            [
              -99.0814164,
              19.4214706
            ],
            [
              -99.0814487,
              19.4214607
            ],
            [
              -99.081466,
              19.4214506
            ],
            [
              -99.0814976,
              19.4214116
            ],
            [
              -99.0815674,
              19.421294
            ],
            [
              -99.0815528,
              19.4211795
            ],
            [
              -99.081595,
              19.4211115
            ],
            [
              -99.0814862,
              19.4210435
            ],
            [
              -99.0814359,
              19.4211141
            ],
            [
              -99.0812543,
              19.4211304
            ]
          ]
        ]
      },
      "properties": {
        "name": "POSICION 79"
      }
    },
    {
      "type": "Feature",
      "geometry": {
        "type": "Polygon",
        "coordinates": [
          [
            [
              -99.0812387,
              19.4211096
            ],
            [
              -99.0811455,
              19.4212522
            ],
            [
              -99.0811356,
              19.4212651
            ],
            [
              -99.0811187,
              19.4212768
            ],
            [
              -99.0810966,
              19.4212827
            ],
            [
              -99.0810706,
              19.4212876
            ],
            [
              -99.0808437,
              19.4211571
            ],
            [
              -99.0808277,
              19.4211349
            ],
            [
              -99.0808215,
              19.4211141
            ],
            [
              -99.0808218,
              19.4210927
            ],
            [
              -99.0808293,
              19.4210813
            ],
            [
              -99.0809222,
              19.4209299
            ],
            [
              -99.0810934,
              19.4209329
            ],
            [
              -99.0811519,
              19.4208508
            ],
            [
              -99.0812582,
              19.4209141
            ],
            [
              -99.0812147,
              19.4209885
            ],
            [
              -99.0812387,
              19.4211096
            ]
          ]
        ]
      },
      "properties": {
        "name": "POSICION 78"
      }
    },
    {
      "type": "Feature",
      "geometry": {
        "type": "Polygon",
        "coordinates": [
          [
            [
              -99.0809181,
              19.4208958
            ],
            [
              -99.0808206,
              19.4210567
            ],
            [
              -99.0807854,
              19.4210788
            ],
            [
              -99.0807473,
              19.421083
            ],
            [
              -99.0805356,
              19.4209655
            ],
            [
              -99.0805005,
              19.4209324
            ],
            [
              -99.0804939,
              19.4208899
            ],
            [
              -99.0805933,
              19.4207468
            ],
            [
              -99.0807837,
              19.4207291
            ],
            [
              -99.0808277,
              19.4206726
            ],
            [
              -99.0809022,
              19.4207228
            ],
            [
              -99.0808711,
              19.4207781
            ],
            [
              -99.0809181,
              19.4208958
            ]
          ]
        ]
      },
      "properties": {
        "name": "POSICION 77"
      }
    },
    {
      "type": "Feature",
      "geometry": {
        "type": "Polygon",
        "coordinates": [
          [
            [
              -99.0805641,
              19.4207297
            ],
            [
              -99.0804729,
              19.4208772
            ],
            [
              -99.0804467,
              19.420893
            ],
            [
              -99.0804109,
              19.4209057
            ],
            [
              -99.0803749,
              19.4208999
            ],
            [
              -99.0802006,
              19.4207948
            ],
            [
              -99.0801746,
              19.420774
            ],
            [
              -99.0801659,
              19.4207614
            ],
            [
              -99.0801585,
              19.4207459
            ],
            [
              -99.0801575,
              19.4207281
            ],
            [
              -99.0801569,
              19.4207026
            ],
            [
              -99.0802507,
              19.4205453
            ],
            [
              -99.0804465,
              19.4205379
            ],
            [
              -99.0805206,
              19.4204325
            ],
            [
              -99.0806059,
              19.4204871
            ],
            [
              -99.0805351,
              19.420591
            ],
            [
              -99.0805641,
              19.4207297
            ]
          ]
        ]
      },
      "properties": {
        "name": "POSICION 76"
      }
    },
    {
      "type": "Feature",
      "geometry": {
        "type": "Polygon",
        "coordinates": [
          [
            [
              -99.0802286,
              19.4205302
            ],
            [
              -99.0801375,
              19.4206799
            ],
            [
              -99.0801248,
              19.4206957
            ],
            [
              -99.0801137,
              19.4207044
            ],
            [
              -99.080101,
              19.4207119
            ],
            [
              -99.0800849,
              19.4207163
            ],
            [
              -99.0800662,
              19.4207195
            ],
            [
              -99.080049,
              19.4207222
            ],
            [
              -99.0800362,
              19.4207186
            ],
            [
              -99.0798358,
              19.4205947
            ],
            [
              -99.079806,
              19.4205707
            ],
            [
              -99.0798016,
              19.4205303
            ],
            [
              -99.07981,
              19.4204955
            ],
            [
              -99.0799276,
              19.4203508
            ],
            [
              -99.0800827,
              19.4203612
            ],
            [
              -99.0801341,
              19.4203004
            ],
            [
              -99.0802242,
              19.4203528
            ],
            [
              -99.0801798,
              19.4204339
            ],
            [
              -99.0802286,
              19.4205302
            ]
          ]
        ]
      },
      "properties": {
        "name": "POSICION 75"
      }
    },
    {
      "type": "Feature",
      "geometry": {
        "type": "Polygon",
        "coordinates": [
          [
            [
              -99.079642,
              19.4214548
            ],
            [
              -99.0797293,
              19.4213118
            ],
            [
              -99.0797414,
              19.4212945
            ],
            [
              -99.0797673,
              19.4212442
            ],
            [
              -99.0797774,
              19.4212118
            ],
            [
              -99.0797715,
              19.4211882
            ],
            [
              -99.0797561,
              19.4211585
            ],
            [
              -99.0797378,
              19.4211399
            ],
            [
              -99.0795763,
              19.4210515
            ],
            [
              -99.079541,
              19.4210485
            ],
            [
              -99.0795204,
              19.4210569
            ],
            [
              -99.0794983,
              19.4210666
            ],
            [
              -99.0794674,
              19.4210959
            ],
            [
              -99.0793537,
              19.4212823
            ],
            [
              -99.0793814,
              19.4213772
            ],
            [
              -99.0793313,
              19.4214745
            ],
            [
              -99.0794595,
              19.4215413
            ],
            [
              -99.07952,
              19.4214509
            ],
            [
              -99.079642,
              19.4214548
            ]
          ]
        ]
      },
      "properties": {
        "name": "POSICION 74"
      }
    },
    {
      "type": "Feature",
      "geometry": {
        "type": "Polygon",
        "coordinates": [
          [
            [
              -99.0796831,
              19.4214938
            ],
            [
              -99.0797845,
              19.4213286
            ],
            [
              -99.0798032,
              19.421305
            ],
            [
              -99.0798294,
              19.4212937
            ],
            [
              -99.0798543,
              19.4212849
            ],
            [
              -99.0798807,
              19.4212773
            ],
            [
              -99.0799178,
              19.4212837
            ],
            [
              -99.0800777,
              19.4213813
            ],
            [
              -99.0800903,
              19.421404
            ],
            [
              -99.0800986,
              19.4214327
            ],
            [
              -99.0801065,
              19.421455
            ],
            [
              -99.080091,
              19.4214898
            ],
            [
              -99.0799938,
              19.4216466
            ],
            [
              -99.0798646,
              19.4216388
            ],
            [
              -99.0798157,
              19.421726
            ],
            [
              -99.0797098,
              19.4216722
            ],
            [
              -99.0797569,
              19.4215842
            ],
            [
              -99.0796831,
              19.4214938
            ]
          ]
        ]
      },
      "properties": {
        "name": "POSICION 73"
      }
    },
    {
      "type": "Feature",
      "geometry": {
        "type": "Polygon",
        "coordinates": [
          [
            [
              -99.0804607,
              19.4216127
            ],
            [
              -99.0804624,
              19.4216309
            ],
            [
              -99.0804648,
              19.421651
            ],
            [
              -99.0804604,
              19.4216796
            ],
            [
              -99.0803422,
              19.421863
            ],
            [
              -99.0802062,
              19.4218678
            ],
            [
              -99.080159,
              19.4219318
            ],
            [
              -99.0800779,
              19.4218817
            ],
            [
              -99.0801103,
              19.4218261
            ],
            [
              -99.0800381,
              19.4217149
            ],
            [
              -99.0801427,
              19.4215353
            ],
            [
              -99.0801675,
              19.4215108
            ],
            [
              -99.0801908,
              19.4214958
            ],
            [
              -99.0802197,
              19.4214868
            ],
            [
              -99.0802636,
              19.4214821
            ],
            [
              -99.0802892,
              19.4214967
            ],
            [
              -99.0804433,
              19.421587
            ],
            [
              -99.0804607,
              19.4216127
            ]
          ]
        ]
      },
      "properties": {
        "name": "POSICION 72"
      }
    },
    {
      "type": "Feature",
      "geometry": {
        "type": "Polygon",
        "coordinates": [
          [
            [
              -99.0808122,
              19.4218725
            ],
            [
              -99.0808165,
              19.4218577
            ],
            [
              -99.0808161,
              19.4218343
            ],
            [
              -99.0808057,
              19.4218008
            ],
            [
              -99.0807855,
              19.4217774
            ],
            [
              -99.0806199,
              19.4216859
            ],
            [
              -99.0805914,
              19.4216816
            ],
            [
              -99.0805572,
              19.4216849
            ],
            [
              -99.0805382,
              19.4216979
            ],
            [
              -99.0804907,
              19.4217407
            ],
            [
              -99.0804472,
              19.4218254
            ],
            [
              -99.0804036,
              19.421906
            ],
            [
              -99.0804745,
              19.4220112
            ],
            [
              -99.0804376,
              19.4220849
            ],
            [
              -99.0805305,
              19.4221336
            ],
            [
              -99.0805821,
              19.4220599
            ],
            [
              -99.0806964,
              19.4220704
            ],
            [
              -99.0808122,
              19.4218725
            ]
          ]
        ]
      },
      "properties": {
        "name": "POSICION 71"
      }
    },
    {
      "type": "Feature",
      "geometry": {
        "type": "Polygon",
        "coordinates": [
          [
            [
              -99.0811741,
              19.4221059
            ],
            [
              -99.0811844,
              19.4220781
            ],
            [
              -99.0811834,
              19.4220491
            ],
            [
              -99.0811717,
              19.4220058
            ],
            [
              -99.0811449,
              19.4219691
            ],
            [
              -99.0809659,
              19.4218725
            ],
            [
              -99.0809223,
              19.4218687
            ],
            [
              -99.0809057,
              19.4218768
            ],
            [
              -99.0808747,
              19.4219061
            ],
            [
              -99.0807819,
              19.4220851
            ],
            [
              -99.080811,
              19.4221564
            ],
            [
              -99.0807373,
              19.4222009
            ],
            [
              -99.0807845,
              19.4222912
            ],
            [
              -99.0809195,
              19.4222373
            ],
            [
              -99.0810827,
              19.4222324
            ],
            [
              -99.0811741,
              19.4221059
            ]
          ]
        ]
      },
      "properties": {
        "name": "POSICION 70"
      }
    },
    {
      "type": "Feature",
      "geometry": {
        "type": "Polygon",
        "coordinates": [
          [
            [
              -99.0817758,
              19.4223711
            ],
            [
              -99.0817831,
              19.4223363
            ],
            [
              -99.0817684,
              19.4222918
            ],
            [
              -99.0817433,
              19.4222585
            ],
            [
              -99.0816953,
              19.4222165
            ],
            [
              -99.0815165,
              19.4221247
            ],
            [
              -99.0812912,
              19.4223028
            ],
            [
              -99.0811505,
              19.4222254
            ],
            [
              -99.0810659,
              19.4223483
            ],
            [
              -99.0812116,
              19.422428
            ],
            [
              -99.0812271,
              19.4226509
            ],
            [
              -99.0813876,
              19.4227346
            ],
            [
              -99.081451,
              19.4227402
            ],
            [
              -99.0814952,
              19.4227374
            ],
            [
              -99.0815409,
              19.4227124
            ],
            [
              -99.0815778,
              19.4226734
            ],
            [
              -99.0817758,
              19.4223711
            ]
          ]
        ]
      },
      "properties": {
        "name": "POSICION 69"
      }
    },
    {
      "type": "Feature",
      "geometry": {
        "type": "Polygon",
        "coordinates": [
          [
            [
              -99.0812827,
              19.4231233
            ],
            [
              -99.0812817,
              19.4230878
            ],
            [
              -99.0812177,
              19.4228668
            ],
            [
              -99.0809577,
              19.4228351
            ],
            [
              -99.0809207,
              19.4226994
            ],
            [
              -99.0807765,
              19.4227297
            ],
            [
              -99.08081,
              19.4228615
            ],
            [
              -99.0806399,
              19.4230135
            ],
            [
              -99.080692,
              19.4232471
            ],
            [
              -99.080711,
              19.4232721
            ],
            [
              -99.0807394,
              19.4232902
            ],
            [
              -99.0807619,
              19.4232996
            ],
            [
              -99.0808016,
              19.4233
            ],
            [
              -99.0812158,
              19.4231792
            ],
            [
              -99.0812458,
              19.4231714
            ],
            [
              -99.0812702,
              19.4231532
            ],
            [
              -99.0812827,
              19.4231233
            ]
          ]
        ]
      },
      "properties": {
        "name": "POSICION 68"
      }
    },
    {
      "type": "Feature",
      "geometry": {
        "type": "Polygon",
        "coordinates": [
          [
            [
              -99.0806563,
              19.4232381
            ],
            [
              -99.080619,
              19.4230782
            ],
            [
              -99.0805258,
              19.4230246
            ],
            [
              -99.0805476,
              19.4229422
            ],
            [
              -99.0803759,
              19.4229124
            ],
            [
              -99.0803685,
              19.4230026
            ],
            [
              -99.0802328,
              19.4230901
            ],
            [
              -99.0801851,
              19.4231867
            ],
            [
              -99.0801529,
              19.4232436
            ],
            [
              -99.0801456,
              19.4232767
            ],
            [
              -99.0801506,
              19.4233032
            ],
            [
              -99.0801618,
              19.4233152
            ],
            [
              -99.0801901,
              19.4233341
            ],
            [
              -99.0804999,
              19.4234076
            ],
            [
              -99.0805297,
              19.4234043
            ],
            [
              -99.0805548,
              19.4233925
            ],
            [
              -99.0805712,
              19.4233751
            ],
            [
              -99.080645,
              19.4232566
            ],
            [
              -99.0806563,
              19.4232381
            ]
          ]
        ]
      },
      "properties": {
        "name": "POSICION 67"
      }
    },
    {
      "type": "Feature",
      "geometry": {
        "type": "Polygon",
        "coordinates": [
          [
            [
              -99.0800231,
              19.4231967
            ],
            [
              -99.0797638,
              19.4230159
            ],
            [
              -99.0797538,
              19.4229772
            ],
            [
              -99.0797603,
              19.4229226
            ],
            [
              -99.0798858,
              19.4227444
            ],
            [
              -99.0800497,
              19.4227143
            ],
            [
              -99.0801302,
              19.4225963
            ],
            [
              -99.0802442,
              19.4226616
            ],
            [
              -99.0801838,
              19.4227776
            ],
            [
              -99.0802627,
              19.4229476
            ],
            [
              -99.0800989,
              19.4231907
            ],
            [
              -99.0800231,
              19.4231967
            ]
          ]
        ]
      },
      "properties": {
        "name": "POSICION 66"
      }
    },
    {
      "type": "Feature",
      "geometry": {
        "type": "Polygon",
        "coordinates": [
          [
            [
              -99.0798389,
              19.4226895
            ],
            [
              -99.0797147,
              19.4228874
            ],
            [
              -99.0796894,
              19.4229019
            ],
            [
              -99.0796632,
              19.4229129
            ],
            [
              -99.0796402,
              19.4229107
            ],
            [
              -99.0796016,
              19.4229096
            ],
            [
              -99.0794332,
              19.4228037
            ],
            [
              -99.0794172,
              19.4227775
            ],
            [
              -99.07941,
              19.4227443
            ],
            [
              -99.0794112,
              19.4227079
            ],
            [
              -99.0795123,
              19.4225417
            ],
            [
              -99.0796601,
              19.4225272
            ],
            [
              -99.0797361,
              19.4224113
            ],
            [
              -99.0798434,
              19.4224745
            ],
            [
              -99.0797786,
              19.422582
            ],
            [
              -99.0798389,
              19.4226895
            ]
          ]
        ]
      },
      "properties": {
        "name": "POSICION 65"
      }
    },
    {
      "type": "Feature",
      "geometry": {
        "type": "Polygon",
        "coordinates": [
          [
            [
              -99.0790315,
              19.4225354
            ],
            [
              -99.0792133,
              19.422658
            ],
            [
              -99.0792381,
              19.4226669
            ],
            [
              -99.0792833,
              19.4226791
            ],
            [
              -99.0793327,
              19.4226744
            ],
            [
              -99.079355,
              19.4226627
            ],
            [
              -99.0794987,
              19.4224404
            ],
            [
              -99.0794173,
              19.4223425
            ],
            [
              -99.07947,
              19.422247
            ],
            [
              -99.0793609,
              19.4221824
            ],
            [
              -99.0792938,
              19.4222857
            ],
            [
              -99.0791686,
              19.4222987
            ],
            [
              -99.0790315,
              19.4225354
            ]
          ]
        ]
      },
      "properties": {
        "name": "POSISICON 64"
      }
    },
    {
      "type": "Feature",
      "geometry": {
        "type": "Polygon",
        "coordinates": [
          [
            [
              -99.0789869,
              19.4224811
            ],
            [
              -99.0791188,
              19.4222787
            ],
            [
              -99.0790707,
              19.4221687
            ],
            [
              -99.0791339,
              19.4220634
            ],
            [
              -99.0790138,
              19.4219986
            ],
            [
              -99.0789445,
              19.4221061
            ],
            [
              -99.0788215,
              19.4221229
            ],
            [
              -99.078685,
              19.4223103
            ],
            [
              -99.0789869,
              19.4224811
            ]
          ]
        ]
      },
      "properties": {
        "name": "POSICION 63"
      }
    },
    {
      "type": "Feature",
      "geometry": {
        "type": "Polygon",
        "coordinates": [
          [
            [
              -99.078458,
              19.4231756
            ],
            [
              -99.0786011,
              19.4230942
            ],
            [
              -99.0786337,
              19.4230737
            ],
            [
              -99.0786479,
              19.4230491
            ],
            [
              -99.078658,
              19.423013
            ],
            [
              -99.07866,
              19.4229675
            ],
            [
              -99.0786314,
              19.4228974
            ],
            [
              -99.0784002,
              19.4227182
            ],
            [
              -99.0782367,
              19.4228833
            ],
            [
              -99.0782377,
              19.423034
            ],
            [
              -99.0781782,
              19.4230854
            ],
            [
              -99.078241,
              19.4231585
            ],
            [
              -99.078312,
              19.4231056
            ],
            [
              -99.078458,
              19.4231756
            ]
          ]
        ]
      },
      "properties": {
        "name": "POSICION 62"
      }
    },
    {
      "type": "Feature",
      "geometry": {
        "type": "Polygon",
        "coordinates": [
          [
            [
              -99.0784754,
              19.4232194
            ],
            [
              -99.0786718,
              19.4230986
            ],
            [
              -99.0787212,
              19.4230916
            ],
            [
              -99.0787593,
              19.4231052
            ],
            [
              -99.0789263,
              19.4233626
            ],
            [
              -99.0786687,
              19.4235324
            ],
            [
              -99.0785298,
              19.423465
            ],
            [
              -99.0784569,
              19.4235122
            ],
            [
              -99.0783982,
              19.4234292
            ],
            [
              -99.0784666,
              19.4233818
            ],
            [
              -99.0784754,
              19.4232194
            ]
          ]
        ]
      },
      "properties": {
        "name": "POSICION 61"
      }
    },
    {
      "type": "Feature",
      "geometry": {
        "type": "Polygon",
        "coordinates": [
          [
            [
              -99.0789627,
              19.4234008
            ],
            [
              -99.0791394,
              19.4236839
            ],
            [
              -99.0788778,
              19.4238304
            ],
            [
              -99.078734,
              19.4237839
            ],
            [
              -99.0786506,
              19.4238316
            ],
            [
              -99.0786011,
              19.423749
            ],
            [
              -99.0786859,
              19.423697
            ],
            [
              -99.0786963,
              19.4235731
            ],
            [
              -99.0789627,
              19.4234008
            ]
          ]
        ]
      },
      "properties": {
        "name": "POSICION 60"
      }
    },
    {
      "type": "Feature",
      "geometry": {
        "type": "Polygon",
        "coordinates": [
          [
            [
              -99.0793967,
              19.4241011
            ],
            [
              -99.0791946,
              19.4237736
            ],
            [
              -99.0788742,
              19.4239432
            ],
            [
              -99.0788698,
              19.424046
            ],
            [
              -99.0787612,
              19.4241167
            ],
            [
              -99.0788348,
              19.4242365
            ],
            [
              -99.0789541,
              19.424175
            ],
            [
              -99.0791135,
              19.4242341
            ],
            [
              -99.0793967,
              19.4241011
            ]
          ]
        ]
      },
      "properties": {
        "name": "POSICION 59"
      }
    },
    {
      "type": "Feature",
      "geometry": {
        "type": "Polygon",
        "coordinates": [
          [
            [
              -99.0786959,
              19.4235736
            ],
            [
              -99.0789631,
              19.4234012
            ],
            [
              -99.0790252,
              19.4234008
            ],
            [
              -99.0791611,
              19.4234423
            ],
            [
              -99.0792078,
              19.4234705
            ],
            [
              -99.0792849,
              19.4235397
            ],
            [
              -99.0794024,
              19.4236471
            ],
            [
              -99.0795089,
              19.4237527
            ],
            [
              -99.0793969,
              19.424101
            ],
            [
              -99.0791129,
              19.4242342
            ],
            [
              -99.0789542,
              19.4241751
            ],
            [
              -99.0788345,
              19.4242366
            ],
            [
              -99.078761,
              19.4241164
            ],
            [
              -99.0788701,
              19.4240454
            ],
            [
              -99.0788778,
              19.4238304
            ],
            [
              -99.0787334,
              19.4237841
            ],
            [
              -99.0786502,
              19.4238317
            ],
            [
              -99.0786364,
              19.4238075
            ],
            [
              -99.0785754,
              19.4237916
            ],
            [
              -99.0786283,
              19.4236799
            ],
            [
              -99.0786857,
              19.4236959
            ],
            [
              -99.0786959,
              19.4235736
            ]
          ]
        ]
      },
      "properties": {
        "name": "POSICION 58A"
      }
    },
    {
      "type": "Feature",
      "geometry": {
        "type": "Polygon",
        "coordinates": [
          [
            [
              -99.0795131,
              19.4245653
            ],
            [
              -99.07952,
              19.4242616
            ],
            [
              -99.0792778,
              19.4242263
            ],
            [
              -99.0791913,
              19.4242693
            ],
            [
              -99.0791299,
              19.4243714
            ],
            [
              -99.0790016,
              19.4243797
            ],
            [
              -99.0790056,
              19.4244893
            ],
            [
              -99.0791691,
              19.4244915
            ],
            [
              -99.079261,
              19.424568
            ],
            [
              -99.0795131,
              19.4245653
            ]
          ]
        ]
      },
      "properties": {
        "name": "POSICION 58"
      }
    },
    {
      "type": "Feature",
      "geometry": {
        "type": "Polygon",
        "coordinates": [
          [
            [
              -99.0792632,
              19.4245689
            ],
            [
              -99.0794435,
              19.4247417
            ],
            [
              -99.0791478,
              19.4249931
            ],
            [
              -99.0790332,
              19.4248578
            ],
            [
              -99.0789842,
              19.4247472
            ],
            [
              -99.0790052,
              19.4246666
            ],
            [
              -99.0789252,
              19.4246002
            ],
            [
              -99.0789974,
              19.4245266
            ],
            [
              -99.0790928,
              19.4246027
            ],
            [
              -99.0792632,
              19.4245689
            ]
          ]
        ]
      },
      "properties": {
        "name": "POSICION 57"
      }
    },
    {
      "type": "Feature",
      "geometry": {
        "type": "Polygon",
        "coordinates": [
          [
            [
              -99.0790747,
              19.4242446
            ],
            [
              -99.0791696,
              19.4243066
            ],
            [
              -99.0791899,
              19.4242695
            ],
            [
              -99.0792778,
              19.4242265
            ],
            [
              -99.0797881,
              19.4243011
            ],
            [
              -99.0798003,
              19.4243254
            ],
            [
              -99.0798119,
              19.4243801
            ],
            [
              -99.0798227,
              19.4244485
            ],
            [
              -99.0798193,
              19.4245042
            ],
            [
              -99.0798166,
              19.4245382
            ],
            [
              -99.0797978,
              19.4245912
            ],
            [
              -99.0797318,
              19.4247066
            ],
            [
              -99.079676,
              19.4247902
            ],
            [
              -99.0796228,
              19.4248476
            ],
            [
              -99.0794705,
              19.4249463
            ],
            [
              -99.0793384,
              19.4250132
            ],
            [
              -99.0792639,
              19.4250516
            ],
            [
              -99.0792205,
              19.4250491
            ],
            [
              -99.0791851,
              19.4250315
            ],
            [
              -99.0791478,
              19.4249933
            ],
            [
              -99.0790334,
              19.4248579
            ],
            [
              -99.0789851,
              19.424748
            ],
            [
              -99.0790052,
              19.4246669
            ],
            [
              -99.0789252,
              19.4246004
            ],
            [
              -99.0789972,
              19.4245262
            ],
            [
              -99.0790812,
              19.4245933
            ],
            [
              -99.0790725,
              19.42449
            ],
            [
              -99.0790057,
              19.4244893
            ],
            [
              -99.0790036,
              19.4244369
            ],
            [
              -99.0789597,
              19.4243682
            ],
            [
              -99.0790747,
              19.4242446
            ]
          ]
        ]
      },
      "properties": {
        "name": "POSICION 57A"
      }
    },
    {
      "type": "Feature",
      "geometry": {
        "type": "Polygon",
        "coordinates": [
          [
            [
              -99.0790651,
              19.425062
            ],
            [
              -99.078954,
              19.4247904
            ],
            [
              -99.078858,
              19.4247894
            ],
            [
              -99.0788375,
              19.4246709
            ],
            [
              -99.0787084,
              19.4246953
            ],
            [
              -99.07873,
              19.4248061
            ],
            [
              -99.0786295,
              19.4248767
            ],
            [
              -99.0786912,
              19.4251588
            ],
            [
              -99.0790651,
              19.425062
            ]
          ]
        ]
      },
      "properties": {
        "name": "POSICION 56"
      }
    },
    {
      "type": "Feature",
      "geometry": {
        "type": "Polygon",
        "coordinates": [
          [
            [
              -99.0783438,
              19.4247968
            ],
            [
              -99.0782058,
              19.4250545
            ],
            [
              -99.0785298,
              19.4251787
            ],
            [
              -99.0786597,
              19.4249465
            ],
            [
              -99.0785997,
              19.4248282
            ],
            [
              -99.0786354,
              19.4247587
            ],
            [
              -99.0785415,
              19.4247147
            ],
            [
              -99.0784865,
              19.4247975
            ],
            [
              -99.0783438,
              19.4247968
            ]
          ]
        ]
      },
      "properties": {
        "name": "POSICION 55"
      }
    },
    {
      "type": "Feature",
      "geometry": {
        "type": "Polygon",
        "coordinates": [
          [
            [
              -99.0789537,
              19.4247903
            ],
            [
              -99.0790982,
              19.4251418
            ],
            [
              -99.0789226,
              19.4252465
            ],
            [
              -99.0788468,
              19.4252849
            ],
            [
              -99.078686,
              19.4253215
            ],
            [
              -99.0785713,
              19.4253389
            ],
            [
              -99.0785177,
              19.425325
            ],
            [
              -99.0783199,
              19.4252361
            ],
            [
              -99.0782256,
              19.425182
            ],
            [
              -99.078196,
              19.4251401
            ],
            [
              -99.0781904,
              19.425114
            ],
            [
              -99.0781941,
              19.4250756
            ],
            [
              -99.0783438,
              19.4247967
            ],
            [
              -99.0784865,
              19.4247976
            ],
            [
              -99.0785413,
              19.4247151
            ],
            [
              -99.0785618,
              19.4247234
            ],
            [
              -99.0787368,
              19.4246898
            ],
            [
              -99.0787859,
              19.4245994
            ],
            [
              -99.0789118,
              19.4246506
            ],
            [
              -99.0788576,
              19.4247896
            ],
            [
              -99.0789537,
              19.4247903
            ]
          ]
        ]
      },
      "properties": {
        "name": "POSICION 55A"
      }
    },
    {
      "type": "Feature",
      "geometry": {
        "type": "Polygon",
        "coordinates": [
          [
            [
              -99.0781272,
              19.4250625
            ],
            [
              -99.0781455,
              19.4250331
            ],
            [
              -99.0782873,
              19.4247794
            ],
            [
              -99.0782007,
              19.4244891
            ],
            [
              -99.0782758,
              19.4243855
            ],
            [
              -99.0781668,
              19.4243157
            ],
            [
              -99.0780779,
              19.4244428
            ],
            [
              -99.0779184,
              19.4244303
            ],
            [
              -99.0776564,
              19.424584
            ],
            [
              -99.0776161,
              19.4246134
            ],
            [
              -99.0776015,
              19.4246479
            ],
            [
              -99.077596,
              19.4246808
            ],
            [
              -99.0776003,
              19.4247112
            ],
            [
              -99.0777407,
              19.4249312
            ],
            [
              -99.077759,
              19.4249537
            ],
            [
              -99.0777865,
              19.4249727
            ],
            [
              -99.0779715,
              19.4250625
            ],
            [
              -99.0780246,
              19.4250867
            ],
            [
              -99.0780814,
              19.4250815
            ],
            [
              -99.0781272,
              19.4250625
            ]
          ]
        ]
      },
      "properties": {
        "name": "POSICION 54"
      }
    },
    {
      "type": "Feature",
      "geometry": {
        "type": "Polygon",
        "coordinates": [
          [
            [
              -99.0776392,
              19.4245308
            ],
            [
              -99.0774599,
              19.4242326
            ],
            [
              -99.0777892,
              19.4240514
            ],
            [
              -99.0778758,
              19.4240933
            ],
            [
              -99.0780099,
              19.4240149
            ],
            [
              -99.0780944,
              19.424142
            ],
            [
              -99.0779783,
              19.4242178
            ],
            [
              -99.0779657,
              19.4243472
            ],
            [
              -99.0776392,
              19.4245308
            ]
          ]
        ]
      },
      "properties": {
        "name": "POSICION 53"
      }
    },
    {
      "type": "Feature",
      "geometry": {
        "type": "Polygon",
        "coordinates": [
          [
            [
              -99.077308,
              19.423867
            ],
            [
              -99.0775678,
              19.4237216
            ],
            [
              -99.0777103,
              19.4237889
            ],
            [
              -99.0778252,
              19.4237323
            ],
            [
              -99.0778912,
              19.4238388
            ],
            [
              -99.0777688,
              19.4239061
            ],
            [
              -99.0777676,
              19.4240135
            ],
            [
              -99.0774843,
              19.4241566
            ],
            [
              -99.077308,
              19.423867
            ]
          ]
        ]
      },
      "properties": {
        "name": "POSICION 52"
      }
    },
    {
      "type": "Feature",
      "geometry": {
        "type": "Polygon",
        "coordinates": [
          [
            [
              -99.0773074,
              19.4237539
            ],
            [
              -99.0772112,
              19.4238117
            ],
            [
              -99.0771973,
              19.4238301
            ],
            [
              -99.0771903,
              19.4238669
            ],
            [
              -99.0771903,
              19.4240431
            ],
            [
              -99.0771933,
              19.4240668
            ],
            [
              -99.0772115,
              19.4241036
            ],
            [
              -99.077496,
              19.4244188
            ],
            [
              -99.0777823,
              19.4241145
            ],
            [
              -99.0777578,
              19.4237566
            ],
            [
              -99.0778357,
              19.4236667
            ],
            [
              -99.077759,
              19.4236141
            ],
            [
              -99.0776629,
              19.42371
            ],
            [
              -99.0773074,
              19.4237539
            ]
          ]
        ]
      },
      "properties": {
        "name": "POSICION  52A"
      }
    },
    {
      "type": "Feature",
      "geometry": {
        "type": "Polygon",
        "coordinates": [
          [
            [
              -99.0871325,
              19.4330665
            ],
            [
              -99.0868887,
              19.4331993
            ],
            [
              -99.0867499,
              19.432967
            ],
            [
              -99.0867769,
              19.4328578
            ],
            [
              -99.0867412,
              19.4327991
            ],
            [
              -99.0868186,
              19.4327558
            ],
            [
              -99.0868643,
              19.4328228
            ],
            [
              -99.0869912,
              19.4328437
            ],
            [
              -99.0871325,
              19.4330665
            ]
          ]
        ]
      },
      "properties": {
        "name": "POSICION 1"
      }
    },
    {
      "type": "Feature",
      "geometry": {
        "type": "Polygon",
        "coordinates": [
          [
            [
              -99.0874186,
              19.4328498
            ],
            [
              -99.087142,
              19.4329931
            ],
            [
              -99.0869992,
              19.4327596
            ],
            [
              -99.0870335,
              19.4326223
            ],
            [
              -99.0869965,
              19.4325658
            ],
            [
              -99.0870836,
              19.4325204
            ],
            [
              -99.0871273,
              19.4325854
            ],
            [
              -99.0872814,
              19.4326282
            ],
            [
              -99.0874186,
              19.4328498
            ]
          ]
        ]
      },
      "properties": {
        "name": "POSICION 2"
      }
    },
    {
      "type": "Feature",
      "geometry": {
        "type": "Polygon",
        "coordinates": [
          [
            [
              -99.0876298,
              19.4327233
            ],
            [
              -99.0877195,
              19.4324283
            ],
            [
              -99.0874705,
              19.4323635
            ],
            [
              -99.0872975,
              19.4324437
            ],
            [
              -99.0871913,
              19.4324228
            ],
            [
              -99.0871707,
              19.4324904
            ],
            [
              -99.0872791,
              19.4325152
            ],
            [
              -99.0873775,
              19.4326583
            ],
            [
              -99.0876298,
              19.4327233
            ]
          ]
        ]
      },
      "properties": {
        "name": "POSICION 3"
      }
    },
    {
      "type": "Feature",
      "geometry": {
        "type": "Polygon",
        "coordinates": [
          [
            [
              -99.0877067,
              19.4322765
            ],
            [
              -99.0875458,
              19.4319623
            ],
            [
              -99.0873458,
              19.4320554
            ],
            [
              -99.0872669,
              19.432222
            ],
            [
              -99.0871454,
              19.432292
            ],
            [
              -99.0871898,
              19.4323694
            ],
            [
              -99.0873183,
              19.4323104
            ],
            [
              -99.0875177,
              19.4323519
            ],
            [
              -99.0877067,
              19.4322765
            ]
          ]
        ]
      },
      "properties": {
        "name": "POSICION 4"
      }
    },
    {
      "type": "Feature",
      "geometry": {
        "type": "Polygon",
        "coordinates": [
          [
            [
              -99.0873954,
              19.4319328
            ],
            [
              -99.087083,
              19.4317917
            ],
            [
              -99.0870021,
              19.4319727
            ],
            [
              -99.0870444,
              19.4321285
            ],
            [
              -99.0870085,
              19.4322349
            ],
            [
              -99.0870855,
              19.4322603
            ],
            [
              -99.0871287,
              19.4321551
            ],
            [
              -99.0872937,
              19.4321073
            ],
            [
              -99.0873954,
              19.4319328
            ]
          ]
        ]
      },
      "properties": {
        "name": "POSICION 5"
      }
    },
    {
      "type": "Feature",
      "geometry": {
        "type": "Polygon",
        "coordinates": [
          [
            [
              -99.086987,
              19.432032
            ],
            [
              -99.0868759,
              19.4316685
            ],
            [
              -99.0864684,
              19.4317826
            ],
            [
              -99.0865764,
              19.4321249
            ],
            [
              -99.0867628,
              19.4321849
            ],
            [
              -99.0868132,
              19.4323233
            ],
            [
              -99.0869037,
              19.4322963
            ],
            [
              -99.08686,
              19.4321563
            ],
            [
              -99.086987,
              19.432032
            ]
          ]
        ]
      },
      "properties": {
        "name": "POSICION 6"
      }
    },
    {
      "type": "Feature",
      "properties": {
        "name": "POSICION 8"
      },
      "geometry": {
        "type": "Polygon",
        "coordinates": [
          [
            [
              -99.0863631,
              19.432464
            ],
            [
              -99.0862932,
              19.4324697
            ],
            [
              -99.0862812,
              19.4323747
            ],
            [
              -99.0861443,
              19.4323187
            ],
            [
              -99.0861112,
              19.432055
            ],
            [
              -99.0864418,
              19.4320277
            ],
            [
              -99.0864694,
              19.4322848
            ],
            [
              -99.0863556,
              19.4323641
            ],
            [
              -99.0863631,
              19.432464
            ]
          ]
        ]
      }
    },
    {
      "type": "Feature",
      "properties": {
        "name": "POSICION 9"
      },
      "geometry": {
        "type": "Polygon",
        "coordinates": [
          [
            [
              -99.0860295,
              19.432001
            ],
            [
              -99.0860161,
              19.4319831
            ],
            [
              -99.0860008,
              19.4319705
            ],
            [
              -99.0859881,
              19.4319649
            ],
            [
              -99.0859675,
              19.4319622
            ],
            [
              -99.0859442,
              19.4319626
            ],
            [
              -99.0858227,
              19.431967
            ],
            [
              -99.085661,
              19.4320512
            ],
            [
              -99.085673,
              19.4321729
            ],
            [
              -99.0857989,
              19.4322519
            ],
            [
              -99.0858035,
              19.4323703
            ],
            [
              -99.0858845,
              19.4323684
            ],
            [
              -99.0858816,
              19.4322525
            ],
            [
              -99.0860248,
              19.4321774
            ],
            [
              -99.0860295,
              19.432001
            ]
          ]
        ]
      }
    },
    {
      "type": "Feature",
      "properties": {
        "name": "POSICION 10"
      },
      "geometry": {
        "type": "Polygon",
        "coordinates": [
          [
            [
              -99.0859251,
              19.4328482
            ],
            [
              -99.0858597,
              19.4329089
            ],
            [
              -99.0857728,
              19.4328237
            ],
            [
              -99.0855547,
              19.4328217
            ],
            [
              -99.0853484,
              19.4326011
            ],
            [
              -99.0857062,
              19.4323014
            ],
            [
              -99.085905,
              19.4325392
            ],
            [
              -99.0858571,
              19.4327698
            ],
            [
              -99.0859251,
              19.4328482
            ]
          ]
        ]
      }
    },
    {
      "type": "Feature",
      "properties": {
        "name": "POSICION 11"
      },
      "geometry": {
        "type": "Polygon",
        "coordinates": [
          [
            [
              -99.0852488,
              19.4326496
            ],
            [
              -99.0849217,
              19.4328375
            ],
            [
              -99.085074,
              19.4330918
            ],
            [
              -99.0852139,
              19.4330944
            ],
            [
              -99.0852833,
              19.4332053
            ],
            [
              -99.0854059,
              19.4331325
            ],
            [
              -99.0853391,
              19.433024
            ],
            [
              -99.0854079,
              19.4329054
            ],
            [
              -99.0852488,
              19.4326496
            ]
          ]
        ]
      }
    },
    {
      "type": "Feature",
      "properties": {
        "name": "POSICION 12"
      },
      "geometry": {
        "type": "Polygon",
        "coordinates": [
          [
            [
              -99.0849357,
              19.433375
            ],
            [
              -99.0848701,
              19.4332681
            ],
            [
              -99.0849444,
              19.4330729
            ],
            [
              -99.0847819,
              19.4328079
            ],
            [
              -99.0843947,
              19.433033
            ],
            [
              -99.0845734,
              19.4332992
            ],
            [
              -99.0847788,
              19.433323
            ],
            [
              -99.084847,
              19.4334283
            ],
            [
              -99.0849357,
              19.433375
            ]
          ]
        ]
      }
    },
    {
      "type": "Feature",
      "properties": {
        "name": "POSICION 13"
      },
      "geometry": {
        "type": "Polygon",
        "coordinates": [
          [
            [
              -99.0844629,
              19.4336189
            ],
            [
              -99.0844077,
              19.4335284
            ],
            [
              -99.0844886,
              19.4333772
            ],
            [
              -99.0843383,
              19.4331478
            ],
            [
              -99.0840205,
              19.4333333
            ],
            [
              -99.0841701,
              19.4335735
            ],
            [
              -99.0843487,
              19.4335672
            ],
            [
              -99.0844061,
              19.4336522
            ],
            [
              -99.0844629,
              19.4336189
            ]
          ]
        ]
      }
    },
    {
      "type": "Feature",
      "properties": {
        "name": "POSICION 15"
      },
      "geometry": {
        "type": "Polygon",
        "coordinates": [
          [
            [
              -99.0838912,
              19.433412
            ],
            [
              -99.0836056,
              19.4335736
            ],
            [
              -99.0837521,
              19.4338114
            ],
            [
              -99.0839056,
              19.4338153
            ],
            [
              -99.0839571,
              19.4338925
            ],
            [
              -99.0840182,
              19.4338569
            ],
            [
              -99.0839688,
              19.4337775
            ],
            [
              -99.0840363,
              19.433641
            ],
            [
              -99.0838912,
              19.433412
            ]
          ]
        ]
      }
    },
    {
      "type": "Feature",
      "properties": {
        "name": "POSICION 16"
      },
      "geometry": {
        "type": "Polygon",
        "coordinates": [
          [
            [
              -99.0834919,
              19.4335154
            ],
            [
              -99.0831203,
              19.43373
            ],
            [
              -99.0832957,
              19.4340079
            ],
            [
              -99.0835145,
              19.4340417
            ],
            [
              -99.083561,
              19.4341166
            ],
            [
              -99.0836385,
              19.4340738
            ],
            [
              -99.0835913,
              19.4339957
            ],
            [
              -99.0836615,
              19.4338001
            ],
            [
              -99.0834919,
              19.4335154
            ]
          ]
        ]
      }
    },
    {
      "type": "Feature",
      "properties": {
        "name": "POSICION 17"
      },
      "geometry": {
        "type": "Polygon",
        "coordinates": [
          [
            [
              -99.0830906,
              19.4338364
            ],
            [
              -99.0827867,
              19.4340178
            ],
            [
              -99.0829449,
              19.4342713
            ],
            [
              -99.0831105,
              19.4342795
            ],
            [
              -99.0831565,
              19.434353
            ],
            [
              -99.0832269,
              19.4343133
            ],
            [
              -99.0831811,
              19.4342339
            ],
            [
              -99.0832448,
              19.4340866
            ],
            [
              -99.0830906,
              19.4338364
            ]
          ]
        ]
      }
    },
    {
      "type": "Feature",
      "properties": {
        "name": "POSICION 18"
      },
      "geometry": {
        "type": "Polygon",
        "coordinates": [
          [
            [
              -99.0826383,
              19.4339239
            ],
            [
              -99.0822057,
              19.4341656
            ],
            [
              -99.0823892,
              19.4344525
            ],
            [
              -99.082674,
              19.4345213
            ],
            [
              -99.0827404,
              19.4346218
            ],
            [
              -99.0828229,
              19.4345762
            ],
            [
              -99.0827597,
              19.4344668
            ],
            [
              -99.0828075,
              19.4341925
            ],
            [
              -99.0826383,
              19.4339239
            ]
          ]
        ]
      }
    },
    {
      "type": "Feature",
      "properties": {
        "name": "POSICION 20"
      },
      "geometry": {
        "type": "Polygon",
        "coordinates": [
          [
            [
              -99.0820208,
              19.4343781
            ],
            [
              -99.0818112,
              19.4342747
            ],
            [
              -99.0816285,
              19.4343795
            ],
            [
              -99.0816168,
              19.4343999
            ],
            [
              -99.0816092,
              19.4344212
            ],
            [
              -99.0816718,
              19.4345758
            ],
            [
              -99.0816276,
              19.4346819
            ],
            [
              -99.0817215,
              19.4347184
            ],
            [
              -99.081764,
              19.4346214
            ],
            [
              -99.0819281,
              19.4345407
            ],
            [
              -99.0820208,
              19.4343781
            ]
          ]
        ]
      }
    },
    {
      "type": "Feature",
      "properties": {
        "name": "POSICION 21"
      },
      "geometry": {
        "type": "Polygon",
        "coordinates": [
          [
            [
              -99.0816556,
              19.4347132
            ],
            [
              -99.0813585,
              19.4348818
            ],
            [
              -99.0815066,
              19.4351253
            ],
            [
              -99.0816495,
              19.4351162
            ],
            [
              -99.0817077,
              19.4352033
            ],
            [
              -99.0817824,
              19.435161
            ],
            [
              -99.0817262,
              19.4350693
            ],
            [
              -99.0818028,
              19.4349565
            ],
            [
              -99.0816556,
              19.4347132
            ]
          ]
        ]
      }
    },
    {
      "type": "Feature",
      "properties": {
        "name": "POSICION 22"
      },
      "geometry": {
        "type": "Polygon",
        "coordinates": [
          [
            [
              -99.0811817,
              19.4347037
            ],
            [
              -99.0806314,
              19.4350178
            ],
            [
              -99.0808333,
              19.4353317
            ],
            [
              -99.0811367,
              19.4353358
            ],
            [
              -99.0812154,
              19.4354535
            ],
            [
              -99.081298,
              19.4354053
            ],
            [
              -99.0812205,
              19.435282
            ],
            [
              -99.0813791,
              19.4350289
            ],
            [
              -99.0811817,
              19.4347037
            ]
          ]
        ]
      }
    },
    {
      "type": "Feature",
      "properties": {
        "name": "POSICION 23"
      },
      "geometry": {
        "type": "Polygon",
        "coordinates": [
          [
            [
              -99.0805981,
              19.4350541
            ],
            [
              -99.0800586,
              19.4353661
            ],
            [
              -99.0802634,
              19.4356906
            ],
            [
              -99.0805661,
              19.4357091
            ],
            [
              -99.0806481,
              19.435832
            ],
            [
              -99.0807261,
              19.4357878
            ],
            [
              -99.0806533,
              19.4356619
            ],
            [
              -99.080794,
              19.4353667
            ],
            [
              -99.0805981,
              19.4350541
            ]
          ]
        ]
      }
    },
    {
      "type": "Feature",
      "properties": {
        "name": "POSICION 24"
      },
      "geometry": {
        "type": "Polygon",
        "coordinates": [
          [
            [
              -99.0800138,
              19.4354071
            ],
            [
              -99.0795023,
              19.435705
            ],
            [
              -99.0797063,
              19.4360246
            ],
            [
              -99.0799992,
              19.4360292
            ],
            [
              -99.0800872,
              19.4361626
            ],
            [
              -99.0801676,
              19.436117
            ],
            [
              -99.0800837,
              19.4359803
            ],
            [
              -99.0802284,
              19.4357507
            ],
            [
              -99.0800138,
              19.4354071
            ]
          ]
        ]
      }
    },
    {
      "type": "Feature",
      "properties": {
        "name": "POSICION 25"
      },
      "geometry": {
        "type": "Polygon",
        "coordinates": [
          [
            [
              -99.0792531,
              19.4357049
            ],
            [
              -99.0793223,
              19.4356742
            ],
            [
              -99.0793545,
              19.435671
            ],
            [
              -99.0793893,
              19.4356685
            ],
            [
              -99.0794247,
              19.4356836
            ],
            [
              -99.0796297,
              19.4360113
            ],
            [
              -99.0794987,
              19.4362153
            ],
            [
              -99.0795787,
              19.4363472
            ],
            [
              -99.0794962,
              19.436394
            ],
            [
              -99.0794191,
              19.4362694
            ],
            [
              -99.0791234,
              19.4362962
            ],
            [
              -99.0788847,
              19.4359152
            ],
            [
              -99.0792531,
              19.4357049
            ]
          ]
        ]
      }
    },
    {
      "type": "Feature",
      "properties": {
        "name": "POSICION 26"
      },
      "geometry": {
        "type": "Polygon",
        "coordinates": [
          [
            [
              -99.0789585,
              19.4360333
            ],
            [
              -99.0787727,
              19.4359818
            ],
            [
              -99.0785426,
              19.4361157
            ],
            [
              -99.0784476,
              19.4363831
            ],
            [
              -99.0785965,
              19.4366229
            ],
            [
              -99.078721,
              19.4366632
            ],
            [
              -99.0790611,
              19.4364783
            ],
            [
              -99.0791745,
              19.4365251
            ],
            [
              -99.0792247,
              19.4365109
            ],
            [
              -99.0792527,
              19.4364531
            ],
            [
              -99.0791189,
              19.4363954
            ],
            [
              -99.0790766,
              19.4362221
            ],
            [
              -99.0789585,
              19.4360333
            ]
          ]
        ]
      }
    },
    {
      "type": "Feature",
      "properties": {
        "name": "POSICION 27"
      },
      "geometry": {
        "type": "Polygon",
        "coordinates": [
          [
            [
              -99.0792645,
              19.4365921
            ],
            [
              -99.079138,
              19.4366591
            ],
            [
              -99.0788991,
              19.4365663
            ],
            [
              -99.078653,
              19.4367016
            ],
            [
              -99.0788589,
              19.4370211
            ],
            [
              -99.079125,
              19.4368715
            ],
            [
              -99.0791764,
              19.4367192
            ],
            [
              -99.079301,
              19.4366508
            ],
            [
              -99.0792645,
              19.4365921
            ]
          ]
        ]
      }
    },
    {
      "type": "Feature",
      "properties": {
        "name": "POSICION 28"
      },
      "geometry": {
        "type": "Polygon",
        "coordinates": [
          [
            [
              -99.079192,
              19.4368784
            ],
            [
              -99.0789115,
              19.4370358
            ],
            [
              -99.079106,
              19.4373517
            ],
            [
              -99.0793871,
              19.437191
            ],
            [
              -99.0794306,
              19.4370187
            ],
            [
              -99.0795063,
              19.4369745
            ],
            [
              -99.0794633,
              19.4369009
            ],
            [
              -99.0793842,
              19.4369425
            ],
            [
              -99.079192,
              19.4368784
            ]
          ]
        ]
      }
    },
    {
      "type": "Feature",
      "properties": {
        "name": "POSICION 29"
      },
      "geometry": {
        "type": "Polygon",
        "coordinates": [
          [
            [
              -99.0784752,
              19.437361
            ],
            [
              -99.0782376,
              19.4375047
            ],
            [
              -99.0782069,
              19.4376454
            ],
            [
              -99.0781295,
              19.4376918
            ],
            [
              -99.0781675,
              19.4377495
            ],
            [
              -99.0782462,
              19.437703
            ],
            [
              -99.0784028,
              19.4377244
            ],
            [
              -99.0786218,
              19.4375974
            ],
            [
              -99.0784752,
              19.437361
            ]
          ]
        ]
      }
    },
    {
      "type": "Feature",
      "properties": {
        "name": "POSICION 30"
      },
      "geometry": {
        "type": "Polygon",
        "coordinates": [
          [
            [
              -99.078286,
              19.4369734
            ],
            [
              -99.0780233,
              19.4371312
            ],
            [
              -99.0779903,
              19.4373318
            ],
            [
              -99.0778948,
              19.4373886
            ],
            [
              -99.0779241,
              19.4374363
            ],
            [
              -99.0780223,
              19.4373834
            ],
            [
              -99.0782395,
              19.4374539
            ],
            [
              -99.0784938,
              19.4373059
            ],
            [
              -99.078286,
              19.4369734
            ]
          ]
        ]
      }
    },
    {
      "type": "Feature",
      "properties": {
        "name": "POSICION 31"
      },
      "geometry": {
        "type": "Polygon",
        "coordinates": [
          [
            [
              -99.0782264,
              19.4368513
            ],
            [
              -99.0781374,
              19.4367069
            ],
            [
              -99.0779158,
              19.4366202
            ],
            [
              -99.0777765,
              19.4368388
            ],
            [
              -99.0778036,
              19.4370311
            ],
            [
              -99.0777402,
              19.437145
            ],
            [
              -99.0777971,
              19.4371674
            ],
            [
              -99.077859,
              19.4370655
            ],
            [
              -99.0781131,
              19.4369958
            ],
            [
              -99.0782264,
              19.4368513
            ]
          ]
        ]
      }
    },
    {
      "type": "Feature",
      "properties": {
        "name": "POSICION 32"
      },
      "geometry": {
        "type": "Polygon",
        "coordinates": [
          [
            [
              -99.0777577,
              19.4369181
            ],
            [
              -99.0777415,
              19.4367242
            ],
            [
              -99.077457,
              19.4367541
            ],
            [
              -99.077342,
              19.436821
            ],
            [
              -99.0773675,
              19.4369825
            ],
            [
              -99.0775563,
              19.4370827
            ],
            [
              -99.0775657,
              19.4371585
            ],
            [
              -99.0776274,
              19.4371513
            ],
            [
              -99.0776237,
              19.437074
            ],
            [
              -99.0777577,
              19.4369181
            ]
          ]
        ]
      }
    },
    {
      "type": "Feature",
      "properties": {
        "name": "POSICION 31A"
      },
      "geometry": {
        "type": "Polygon",
        "coordinates": [
          [
            [
              -99.0782607,
              19.4369065
            ],
            [
              -99.0780567,
              19.4365784
            ],
            [
              -99.077919,
              19.436493
            ],
            [
              -99.0776094,
              19.4366655
            ],
            [
              -99.0775621,
              19.4367209
            ],
            [
              -99.0775952,
              19.4370231
            ],
            [
              -99.0775111,
              19.4371046
            ],
            [
              -99.0775646,
              19.437157
            ],
            [
              -99.0776492,
              19.4370819
            ],
            [
              -99.0780134,
              19.4370656
            ],
            [
              -99.0782607,
              19.4369065
            ]
          ]
        ]
      }
    },
    {
      "type": "Feature",
      "properties": {
        "name": "POSICION 33"
      },
      "geometry": {
        "type": "Polygon",
        "coordinates": [
          [
            [
              -99.0774171,
              19.4372708
            ],
            [
              -99.0773784,
              19.4373087
            ],
            [
              -99.0773142,
              19.4372542
            ],
            [
              -99.0771178,
              19.4372717
            ],
            [
              -99.0769151,
              19.4371088
            ],
            [
              -99.0770345,
              19.4369962
            ],
            [
              -99.0772342,
              19.4368791
            ],
            [
              -99.0773769,
              19.4370058
            ],
            [
              -99.0773549,
              19.4372119
            ],
            [
              -99.0774171,
              19.4372708
            ]
          ]
        ]
      }
    },
    {
      "type": "Feature",
      "properties": {
        "name": "POSICION 34"
      },
      "geometry": {
        "type": "Polygon",
        "coordinates": [
          [
            [
              -99.0773435,
              19.4374356
            ],
            [
              -99.0773438,
              19.437485
            ],
            [
              -99.0772414,
              19.4374917
            ],
            [
              -99.0770687,
              19.4376503
            ],
            [
              -99.0768318,
              19.4376582
            ],
            [
              -99.076837,
              19.4373179
            ],
            [
              -99.0771107,
              19.4373159
            ],
            [
              -99.0772422,
              19.4374395
            ],
            [
              -99.0773435,
              19.4374356
            ]
          ]
        ]
      }
    },
    {
      "type": "Feature",
      "properties": {
        "name": "POSICION 33A"
      },
      "geometry": {
        "type": "Polygon",
        "coordinates": [
          [
            [
              -99.0766761,
              19.4372055
            ],
            [
              -99.0771704,
              19.4369163
            ],
            [
              -99.0771787,
              19.4369123
            ],
            [
              -99.07719,
              19.4369081
            ],
            [
              -99.0772022,
              19.4369054
            ],
            [
              -99.0772136,
              19.4369036
            ],
            [
              -99.0772282,
              19.436904
            ],
            [
              -99.0772418,
              19.4369079
            ],
            [
              -99.0772526,
              19.4369131
            ],
            [
              -99.0772627,
              19.4369207
            ],
            [
              -99.0774135,
              19.4371351
            ],
            [
              -99.0772412,
              19.4374919
            ],
            [
              -99.0773025,
              19.4375922
            ],
            [
              -99.0772169,
              19.4376409
            ],
            [
              -99.0771576,
              19.4375467
            ],
            [
              -99.0767132,
              19.4375378
            ],
            [
              -99.0766142,
              19.4373749
            ],
            [
              -99.0766024,
              19.4373335
            ],
            [
              -99.0765996,
              19.4372993
            ],
            [
              -99.0766052,
              19.4372696
            ],
            [
              -99.0766164,
              19.4372445
            ],
            [
              -99.0766418,
              19.4372248
            ],
            [
              -99.0766761,
              19.4372055
            ]
          ]
        ]
      }
    },
    {
      "type": "Feature",
      "properties": {
        "name": "POSICION 35"
      },
      "geometry": {
        "type": "Polygon",
        "coordinates": [
          [
            [
              -99.0775379,
              19.4376983
            ],
            [
              -99.07751,
              19.4376503
            ],
            [
              -99.0774404,
              19.437686
            ],
            [
              -99.0772134,
              19.4376162
            ],
            [
              -99.0769831,
              19.4377266
            ],
            [
              -99.0769763,
              19.4377302
            ],
            [
              -99.0769705,
              19.4377349
            ],
            [
              -99.0769667,
              19.4377391
            ],
            [
              -99.0769646,
              19.4377449
            ],
            [
              -99.0769649,
              19.4377521
            ],
            [
              -99.0770949,
              19.4379908
            ],
            [
              -99.0771055,
              19.4380087
            ],
            [
              -99.0771154,
              19.438026
            ],
            [
              -99.0771231,
              19.4380345
            ],
            [
              -99.0771319,
              19.4380389
            ],
            [
              -99.0771398,
              19.4380401
            ],
            [
              -99.077149,
              19.438039
            ],
            [
              -99.0771589,
              19.4380345
            ],
            [
              -99.0773775,
              19.4379201
            ],
            [
              -99.0774705,
              19.4377351
            ],
            [
              -99.0775379,
              19.4376983
            ]
          ]
        ]
      }
    },
    {
      "type": "Feature",
      "properties": {
        "name": "POSICION 36"
      },
      "geometry": {
        "type": "Polygon",
        "coordinates": [
          [
            [
              -99.077407,
              19.4379686
            ],
            [
              -99.0771454,
              19.4381079
            ],
            [
              -99.0773258,
              19.4384349
            ],
            [
              -99.0775843,
              19.4383287
            ],
            [
              -99.0776396,
              19.4381474
            ],
            [
              -99.0777128,
              19.4381052
            ],
            [
              -99.0776828,
              19.4380567
            ],
            [
              -99.0776105,
              19.4380916
            ],
            [
              -99.077407,
              19.4379686
            ]
          ]
        ]
      }
    },
    {
      "type": "Feature",
      "properties": {
        "name": "POSICION 36"
      },
      "geometry": {
        "type": "Polygon",
        "coordinates": [
          [
            [
              -99.0772754,
              19.4384725
            ],
            [
              -99.0770231,
              19.4384278
            ],
            [
              -99.0770011,
              19.4384228
            ],
            [
              -99.0769917,
              19.4384185
            ],
            [
              -99.0769808,
              19.4384113
            ],
            [
              -99.0769737,
              19.4384058
            ],
            [
              -99.0769657,
              19.4383978
            ],
            [
              -99.0769616,
              19.4383885
            ],
            [
              -99.0769588,
              19.4383763
            ],
            [
              -99.0769569,
              19.4383672
            ],
            [
              -99.0769571,
              19.4383563
            ],
            [
              -99.0769619,
              19.4383288
            ],
            [
              -99.077109,
              19.4376901
            ],
            [
              -99.0771122,
              19.4376823
            ],
            [
              -99.0771157,
              19.437676
            ],
            [
              -99.077121,
              19.4376705
            ],
            [
              -99.0771269,
              19.4376658
            ],
            [
              -99.077133,
              19.4376626
            ],
            [
              -99.0771393,
              19.4376608
            ],
            [
              -99.0771474,
              19.4376587
            ],
            [
              -99.0771591,
              19.4376579
            ],
            [
              -99.0771736,
              19.4376578
            ],
            [
              -99.0774523,
              19.437703
            ],
            [
              -99.0776847,
              19.4380976
            ],
            [
              -99.0778291,
              19.4381421
            ],
            [
              -99.077799,
              19.4382365
            ],
            [
              -99.0776386,
              19.4381998
            ],
            [
              -99.0772754,
              19.4384725
            ]
          ]
        ]
      }
    },
    {
      "type": "Feature",
      "properties": {
        "name": "POSICION 38"
      },
      "geometry": {
        "type": "Polygon",
        "coordinates": [
          [
            [
              -99.07492,
              19.4397631
            ],
            [
              -99.0749097,
              19.4397038
            ],
            [
              -99.0748367,
              19.4397141
            ],
            [
              -99.0747061,
              19.4395734
            ],
            [
              -99.0744677,
              19.439612
            ],
            [
              -99.0745178,
              19.439962
            ],
            [
              -99.0747463,
              19.439923
            ],
            [
              -99.0748413,
              19.4397801
            ],
            [
              -99.07492,
              19.4397631
            ]
          ]
        ]
      }
    },
    {
      "type": "Feature",
      "properties": {
        "name": "POSICION 37"
      },
      "geometry": {
        "type": "Polygon",
        "coordinates": [
          [
            [
              -99.0744802,
              19.4395002
            ],
            [
              -99.0744413,
              19.4392861
            ],
            [
              -99.0747005,
              19.4391405
            ],
            [
              -99.0748437,
              19.4392828
            ],
            [
              -99.0749402,
              19.4393084
            ],
            [
              -99.0749172,
              19.4393912
            ],
            [
              -99.0748179,
              19.4393764
            ],
            [
              -99.0747095,
              19.4394897
            ],
            [
              -99.0744802,
              19.4395002
            ]
          ]
        ]
      }
    },
    {
      "type": "Feature",
      "properties": {
        "name": "POSICION 37A"
      },
      "geometry": {
        "type": "Polygon",
        "coordinates": [
          [
            [
              -99.0745806,
              19.4399831
            ],
            [
              -99.0742552,
              19.4394713
            ],
            [
              -99.0745494,
              19.4393038
            ],
            [
              -99.0748885,
              19.4393814
            ],
            [
              -99.0749917,
              19.4393246
            ],
            [
              -99.0750582,
              19.4394312
            ],
            [
              -99.0749618,
              19.4394899
            ],
            [
              -99.0748683,
              19.439812
            ],
            [
              -99.0745806,
              19.4399831
            ]
          ]
        ]
      }
    },
    {
      "type": "Feature",
      "properties": {
        "name": "POSICION 39"
      },
      "geometry": {
        "type": "Polygon",
        "coordinates": [
          [
            [
              -99.0734652,
              19.440661
            ],
            [
              -99.0733148,
              19.4405577
            ],
            [
              -99.0732176,
              19.4405571
            ],
            [
              -99.0732185,
              19.4404688
            ],
            [
              -99.0733218,
              19.4404643
            ],
            [
              -99.0734009,
              19.4403061
            ],
            [
              -99.0736061,
              19.4402538
            ],
            [
              -99.0736715,
              19.4405451
            ],
            [
              -99.0734652,
              19.440661
            ]
          ]
        ]
      }
    },
    {
      "type": "Feature",
      "properties": {
        "name": "POSICION 40"
      },
      "geometry": {
        "type": "Polygon",
        "coordinates": [
          [
            [
              -99.0736104,
              19.440204
            ],
            [
              -99.0735691,
              19.4398612
            ],
            [
              -99.0733422,
              19.4398991
            ],
            [
              -99.0732383,
              19.4400587
            ],
            [
              -99.0731452,
              19.4400752
            ],
            [
              -99.0731558,
              19.4401416
            ],
            [
              -99.0732481,
              19.4401306
            ],
            [
              -99.0733631,
              19.440243
            ],
            [
              -99.0736104,
              19.440204
            ]
          ]
        ]
      }
    },
    {
      "type": "Feature",
      "properties": {
        "name": "POSICION 39A"
      },
      "geometry": {
        "type": "Polygon",
        "coordinates": [
          [
            [
              -99.0738979,
              19.4403549
            ],
            [
              -99.0735789,
              19.4398311
            ],
            [
              -99.0732866,
              19.4399995
            ],
            [
              -99.0732175,
              19.4403313
            ],
            [
              -99.0731299,
              19.4403856
            ],
            [
              -99.073195,
              19.4404878
            ],
            [
              -99.0732825,
              19.4404361
            ],
            [
              -99.0735854,
              19.4405304
            ],
            [
              -99.0738979,
              19.4403549
            ]
          ]
        ]
      }
    },
    {
      "type": "Feature",
      "properties": {
        "name": "POSICION 41"
      },
      "geometry": {
        "type": "Polygon",
        "coordinates": [
          [
            [
              -99.0729477,
              19.44089
            ],
            [
              -99.072893,
              19.4408028
            ],
            [
              -99.0729671,
              19.4406245
            ],
            [
              -99.0728455,
              19.4404427
            ],
            [
              -99.0725391,
              19.4406209
            ],
            [
              -99.0726506,
              19.440804
            ],
            [
              -99.0728344,
              19.4408379
            ],
            [
              -99.0728889,
              19.4409242
            ],
            [
              -99.0729477,
              19.44089
            ]
          ]
        ]
      }
    },
    {
      "type": "Feature",
      "properties": {
        "name": "POSICION 42"
      },
      "geometry": {
        "type": "Polygon",
        "coordinates": [
          [
            [
              -99.0725154,
              19.4411343
            ],
            [
              -99.0724428,
              19.4411774
            ],
            [
              -99.0723858,
              19.4410907
            ],
            [
              -99.0720909,
              19.4410369
            ],
            [
              -99.07196,
              19.4408348
            ],
            [
              -99.0724404,
              19.4405522
            ],
            [
              -99.0725687,
              19.4407585
            ],
            [
              -99.07246,
              19.4410461
            ],
            [
              -99.0725154,
              19.4411343
            ]
          ]
        ]
      }
    },
    {
      "type": "Feature",
      "properties": {
        "name": "POSICION 41A"
      },
      "geometry": {
        "type": "Polygon",
        "coordinates": [
          [
            [
              -99.0719068,
              19.440651
            ],
            [
              -99.0726641,
              19.4402132
            ],
            [
              -99.072884,
              19.4405547
            ],
            [
              -99.0726927,
              19.440895
            ],
            [
              -99.0727602,
              19.4410014
            ],
            [
              -99.0726497,
              19.4410665
            ],
            [
              -99.0725839,
              19.4409642
            ],
            [
              -99.0721204,
              19.4409833
            ],
            [
              -99.0719068,
              19.440651
            ]
          ]
        ]
      }
    },
    {
      "type": "Feature",
      "properties": {
        "name": "POSICION 43"
      },
      "geometry": {
        "type": "Polygon",
        "coordinates": [
          [
            [
              -99.0720333,
              19.4410316
            ],
            [
              -99.0718315,
              19.4406991
            ],
            [
              -99.0712653,
              19.4410182
            ],
            [
              -99.0714655,
              19.4413446
            ],
            [
              -99.0717741,
              19.4414143
            ],
            [
              -99.0718461,
              19.4415242
            ],
            [
              -99.0720091,
              19.4414298
            ],
            [
              -99.0719423,
              19.44132
            ],
            [
              -99.0720333,
              19.4410316
            ]
          ]
        ]
      }
    },
    {
      "type": "Feature",
      "properties": {
        "name": "POSICION 44"
      },
      "geometry": {
        "type": "Polygon",
        "coordinates": [
          [
            [
              -99.0714226,
              19.4413691
            ],
            [
              -99.0712239,
              19.4410445
            ],
            [
              -99.0706549,
              19.4413705
            ],
            [
              -99.070856,
              19.4416902
            ],
            [
              -99.0711771,
              19.4417669
            ],
            [
              -99.0712424,
              19.4418671
            ],
            [
              -99.0714072,
              19.4417746
            ],
            [
              -99.0713412,
              19.4416628
            ],
            [
              -99.0714226,
              19.4413691
            ]
          ]
        ]
      }
    },
    {
      "type": "Feature",
      "properties": {
        "name": "POSICION 45"
      },
      "geometry": {
        "type": "Polygon",
        "coordinates": [
          [
            [
              -99.070811,
              19.4417115
            ],
            [
              -99.0706061,
              19.4413899
            ],
            [
              -99.070043,
              19.4417105
            ],
            [
              -99.0702442,
              19.4420258
            ],
            [
              -99.0705854,
              19.4421016
            ],
            [
              -99.0706514,
              19.4421966
            ],
            [
              -99.0707925,
              19.4421185
            ],
            [
              -99.0707437,
              19.4420134
            ],
            [
              -99.070811,
              19.4417115
            ]
          ]
        ]
      }
    },
    {
      "type": "Feature",
      "properties": {
        "name": "POSICION 46"
      },
      "geometry": {
        "type": "Polygon",
        "coordinates": [
          [
            [
              -99.0700788,
              19.4418743
            ],
            [
              -99.070216,
              19.4420883
            ],
            [
              -99.0701459,
              19.4423333
            ],
            [
              -99.0702085,
              19.4424376
            ],
            [
              -99.0701231,
              19.4424864
            ],
            [
              -99.0700575,
              19.442385
            ],
            [
              -99.0697949,
              19.4423394
            ],
            [
              -99.0696544,
              19.4421158
            ],
            [
              -99.0700788,
              19.4418743
            ]
          ]
        ]
      }
    },
    {
      "type": "Feature",
      "properties": {
        "name": "POSICION 47"
      },
      "geometry": {
        "type": "Polygon",
        "coordinates": [
          [
            [
              -99.0695944,
              19.4421459
            ],
            [
              -99.0691937,
              19.4423865
            ],
            [
              -99.0693513,
              19.4426369
            ],
            [
              -99.0695906,
              19.4426677
            ],
            [
              -99.0696474,
              19.4427525
            ],
            [
              -99.0697236,
              19.4427086
            ],
            [
              -99.0696683,
              19.4426177
            ],
            [
              -99.0697515,
              19.4423869
            ],
            [
              -99.0695944,
              19.4421459
            ]
          ]
        ]
      }
    },
    {
      "type": "Feature",
      "properties": {
        "name": "POSICION 46A"
      },
      "geometry": {
        "type": "Polygon",
        "coordinates": [
          [
            [
              -99.069893,
              19.4417833
            ],
            [
              -99.0691503,
              19.4422129
            ],
            [
              -99.0693683,
              19.442555
            ],
            [
              -99.0697867,
              19.4425422
            ],
            [
              -99.0698525,
              19.4426385
            ],
            [
              -99.0699656,
              19.4425725
            ],
            [
              -99.0699038,
              19.442471
            ],
            [
              -99.0700938,
              19.4421026
            ],
            [
              -99.069893,
              19.4417833
            ]
          ]
        ]
      }
    },
    {
      "type": "Feature",
      "properties": {
        "name": "POSICION EA"
      },
      "geometry": {
        "type": "Polygon",
        "coordinates": [
          [
            [
              -99.0649884,
              19.4338525
            ],
            [
              -99.0652173,
              19.4336561
            ],
            [
              -99.0653031,
              19.4337452
            ],
            [
              -99.0652899,
              19.433901
            ],
            [
              -99.0653236,
              19.4339381
            ],
            [
              -99.0652561,
              19.4339762
            ],
            [
              -99.0652324,
              19.4339517
            ],
            [
              -99.0650756,
              19.4339445
            ],
            [
              -99.0649884,
              19.4338525
            ]
          ]
        ]
      }
    },
    {
      "type": "Feature",
      "properties": {
        "name": "POSICION EB"
      },
      "geometry": {
        "type": "Polygon",
        "coordinates": [
          [
            [
              -99.0655276,
              19.4333779
            ],
            [
              -99.0652453,
              19.4336274
            ],
            [
              -99.0653791,
              19.4337704
            ],
            [
              -99.065587,
              19.4337512
            ],
            [
              -99.0656131,
              19.4337761
            ],
            [
              -99.0656722,
              19.4337405
            ],
            [
              -99.0656412,
              19.4337069
            ],
            [
              -99.065659,
              19.4335203
            ],
            [
              -99.0655276,
              19.4333779
            ]
          ]
        ]
      }
    },
    {
      "type": "Feature",
      "properties": {
        "name": "POSICION 48"
      },
      "geometry": {
        "type": "Polygon",
        "coordinates": [
          [
            [
              -99.0671508,
              19.4312099
            ],
            [
              -99.0670954,
              19.4312579
            ],
            [
              -99.0668641,
              19.4312582
            ],
            [
              -99.0666711,
              19.4314245
            ],
            [
              -99.0669213,
              19.4316918
            ],
            [
              -99.0671283,
              19.4315167
            ],
            [
              -99.0671449,
              19.4313182
            ],
            [
              -99.0672019,
              19.4312643
            ],
            [
              -99.0671508,
              19.4312099
            ]
          ]
        ]
      }
    },
    {
      "type": "Feature",
      "properties": {
        "name": "POSICION 49"
      },
      "geometry": {
        "type": "Polygon",
        "coordinates": [
          [
            [
              -99.0674563,
              19.4315376
            ],
            [
              -99.0674019,
              19.4314819
            ],
            [
              -99.067329,
              19.4315472
            ],
            [
              -99.0671441,
              19.4315358
            ],
            [
              -99.0669398,
              19.4317124
            ],
            [
              -99.0671803,
              19.4319654
            ],
            [
              -99.0673798,
              19.4317996
            ],
            [
              -99.0673875,
              19.4316023
            ],
            [
              -99.0674563,
              19.4315376
            ]
          ]
        ]
      }
    },
    {
      "type": "Feature",
      "properties": {
        "name": "POSICION 48A"
      },
      "geometry": {
        "type": "Polygon",
        "coordinates": [
          [
            [
              -99.0665318,
              19.4316718
            ],
            [
              -99.0668175,
              19.4314348
            ],
            [
              -99.0672065,
              19.4314659
            ],
            [
              -99.067314,
              19.4313732
            ],
            [
              -99.0673873,
              19.431451
            ],
            [
              -99.0672836,
              19.4315442
            ],
            [
              -99.0672926,
              19.4318814
            ],
            [
              -99.0669812,
              19.4321442
            ],
            [
              -99.0665318,
              19.4316718
            ]
          ]
        ]
      }
    },
    {
      "type": "Feature",
      "properties": {
        "name": "POSICION 50"
      },
      "geometry": {
        "type": "Polygon",
        "coordinates": [
          [
            [
              -99.0677232,
              19.4318179
            ],
            [
              -99.0676761,
              19.4317669
            ],
            [
              -99.067606,
              19.4318288
            ],
            [
              -99.067403,
              19.4318263
            ],
            [
              -99.0672042,
              19.4319921
            ],
            [
              -99.067447,
              19.4322473
            ],
            [
              -99.0676548,
              19.4320639
            ],
            [
              -99.0676582,
              19.431879
            ],
            [
              -99.0677232,
              19.4318179
            ]
          ]
        ]
      }
    },
    {
      "type": "Feature",
      "properties": {
        "name": "POSICION 51"
      },
      "geometry": {
        "type": "Polygon",
        "coordinates": [
          [
            [
              -99.0676763,
              19.4320891
            ],
            [
              -99.0674695,
              19.4322709
            ],
            [
              -99.067709,
              19.4325244
            ],
            [
              -99.0679122,
              19.4323526
            ],
            [
              -99.0679287,
              19.4321557
            ],
            [
              -99.0679873,
              19.4321027
            ],
            [
              -99.0679379,
              19.4320508
            ],
            [
              -99.0678766,
              19.432101
            ],
            [
              -99.0676763,
              19.4320891
            ]
          ]
        ]
      }
    },
    {
      "type": "Feature",
      "properties": {
        "name": "POSICION 50A"
      },
      "geometry": {
        "type": "Polygon",
        "coordinates": [
          [
            [
              -99.0669941,
              19.432158
            ],
            [
              -99.0673059,
              19.4318981
            ],
            [
              -99.0676547,
              19.431949
            ],
            [
              -99.067739,
              19.4318752
            ],
            [
              -99.0678081,
              19.4319491
            ],
            [
              -99.0677218,
              19.4320247
            ],
            [
              -99.067712,
              19.4323925
            ],
            [
              -99.0674448,
              19.4326241
            ],
            [
              -99.0669941,
              19.432158
            ]
          ]
        ]
      }
    },
    {
      "type": "Feature",
      "properties": {
        "name": "POSICION TA"
      },
      "geometry": {
        "type": "Polygon",
        "coordinates": [
          [
            [
              -99.0782611,
              19.4274582
            ],
            [
              -99.0780812,
              19.4271644
            ],
            [
              -99.0778959,
              19.4272641
            ],
            [
              -99.0778257,
              19.4274776
            ],
            [
              -99.0777932,
              19.4274973
            ],
            [
              -99.0778287,
              19.4275538
            ],
            [
              -99.0778635,
              19.4275332
            ],
            [
              -99.0780813,
              19.4275608
            ],
            [
              -99.0782611,
              19.4274582
            ]
          ]
        ]
      }
    },
    {
      "type": "Feature",
      "properties": {
        "name": "POSICION TB"
      },
      "geometry": {
        "type": "Polygon",
        "coordinates": [
          [
            [
              -99.0778364,
              19.4271755
            ],
            [
              -99.0780162,
              19.4270711
            ],
            [
              -99.0778305,
              19.4267745
            ],
            [
              -99.0776427,
              19.4268915
            ],
            [
              -99.0775928,
              19.4270807
            ],
            [
              -99.0775582,
              19.4271033
            ],
            [
              -99.0775967,
              19.4271661
            ],
            [
              -99.0776342,
              19.4271428
            ],
            [
              -99.0778364,
              19.4271755
            ]
          ]
        ]
      }
    },
    {
      "type": "Feature",
      "properties": {
        "name": "POSICION T6"
      },
      "geometry": {
        "type": "Polygon",
        "coordinates": [
          [
            [
              -99.07746529720173,
              19.427720890482988
            ],
            [
              -99.0776977033371,
              19.427588154324965
            ],
            [
              -99.0778406,
              19.4278131
            ],
            [
              -99.07760551276802,
              19.427942019027626
            ],
            [
              -99.07746529720173,
              19.427720890482988
            ]
          ]
        ]
      }
    },
    {
      "type": "Feature",
      "properties": {
        "name": "POSICION T7"
      },
      "geometry": {
        "type": "Polygon",
        "coordinates": [
          [
            [
              -99.07768329517712,
              19.427565475653793
            ],
            [
              -99.07745332844972,
              19.427696818590277
            ],
            [
              -99.07731691594775,
              19.427482113052463
            ],
            [
              -99.07754550183456,
              19.42735155859613
            ],
            [
              -99.07768329517712,
              19.427565475653793
            ]
          ]
        ]
      }
    },
    {
      "type": "Feature",
      "properties": {
        "name": "POSICION T9"
      },
      "geometry": {
        "type": "Polygon",
        "coordinates": [
          [
            [
              -99.07751770312086,
              19.427311007388028
            ],
            [
              -99.07729283848978,
              19.427439436520814
            ],
            [
              -99.07715319540202,
              19.427219169213757
            ],
            [
              -99.07737665693917,
              19.42709154127094
            ],
            [
              -99.07751770312086,
              19.427311007388028
            ]
          ]
        ]
      }
    },
    {
      "type": "Feature",
      "properties": {
        "name": "POSICION T4"
      },
      "geometry": {
        "type": "Polygon",
        "coordinates": [
          [
            [
              -99.07730260059014,
              19.42811536537934
            ],
            [
              -99.0770571905095,
              19.42825552813683
            ],
            [
              -99.07691248660335,
              19.4280276322105
            ],
            [
              -99.07715552438606,
              19.42788882416552
            ],
            [
              -99.07730260059014,
              19.42811536537934
            ]
          ]
        ]
      }
    },
    {
      "type": "Feature",
      "properties": {
        "name": "POSICION T5"
      },
      "geometry": {
        "type": "Polygon",
        "coordinates": [
          [
            [
              -99.07714529005236,
              19.42787138347883
            ],
            [
              -99.07690154033196,
              19.428010598152582
            ],
            [
              -99.07676213705179,
              19.42778991800712
            ],
            [
              -99.07700360543646,
              19.42765200610357
            ],
            [
              -99.07714529005236,
              19.42787138347883
            ]
          ]
        ]
      }
    },
    {
      "type": "Feature",
      "properties": {
        "name": "POSICION T6"
      },
      "geometry": {
        "type": "Polygon",
        "coordinates": [
          [
            [
              -99.07699081630996,
              19.42763073315831
            ],
            [
              -99.07674630727091,
              19.427770381714893
            ],
            [
              -99.07659981320012,
              19.427538892882055
            ],
            [
              -99.07684192135858,
              19.42740061536466
            ],
            [
              -99.07699081630996,
              19.42763073315831
            ]
          ]
        ]
      }
    },
    {
      "type": "Feature",
      "properties": {
        "name": "POSICION T1"
      },
      "geometry": {
        "type": "Polygon",
        "coordinates": [
          [
            [
              -99.0767582,
              19.428417
            ],
            [
              -99.0765183,
              19.4285532
            ],
            [
              -99.07637276473928,
              19.42832754959295
            ],
            [
              -99.07661598122327,
              19.428188639742928
            ],
            [
              -99.0767582,
              19.428417
            ]
          ]
        ]
      }
    },
    {
      "type": "Feature",
      "properties": {
        "name": "POSICION T2"
      },
      "geometry": {
        "type": "Polygon",
        "coordinates": [
          [
            [
              -99.07660478728005,
              19.42817176058979
            ],
            [
              -99.07636351600419,
              19.428309559475522
            ],
            [
              -99.07621898472699,
              19.428082259138662
            ],
            [
              -99.07645836109546,
              19.427945542312145
            ],
            [
              -99.07660478728005,
              19.42817176058979
            ]
          ]
        ]
      }
    },
    {
      "type": "Feature",
      "properties": {
        "name": "POSICION T3"
      },
      "geometry": {
        "type": "Polygon",
        "coordinates": [
          [
            [
              -99.07644646275361,
              19.427929600097485
            ],
            [
              -99.07620878389751,
              19.42806534742394
            ],
            [
              -99.07607146301274,
              19.427849399706915
            ],
            [
              -99.07630736649405,
              19.42771466618504
            ],
            [
              -99.07644646275361,
              19.427929600097485
            ]
          ]
        ]
      }
    },
    {
      "type": "Feature",
      "properties": {
        "name": "POSICION 82"
      },
      "geometry": {
        "type": "Polygon",
        "coordinates": [
          [
            [
              -99.0836959,
              19.424617
            ],
            [
              -99.0834138,
              19.4245081
            ],
            [
              -99.0833429,
              19.4246697
            ],
            [
              -99.0833979,
              19.4248236
            ],
            [
              -99.083376,
              19.4248827
            ],
            [
              -99.0834392,
              19.424906
            ],
            [
              -99.0834638,
              19.424853
            ],
            [
              -99.0836164,
              19.4247841
            ],
            [
              -99.0836959,
              19.424617
            ]
          ]
        ]
      }
    },
    {
      "type": "Feature",
      "properties": {
        "name": "POSICION 83"
      },
      "geometry": {
        "type": "Polygon",
        "coordinates": [
          [
            [
              -99.0840481,
              19.4248202
            ],
            [
              -99.0836955,
              19.4246763
            ],
            [
              -99.0836009,
              19.4248644
            ],
            [
              -99.0836827,
              19.4250625
            ],
            [
              -99.08366,
              19.4251264
            ],
            [
              -99.0837311,
              19.4251534
            ],
            [
              -99.0837573,
              19.4250944
            ],
            [
              -99.0839581,
              19.4250177
            ],
            [
              -99.0840481,
              19.4248202
            ]
          ]
        ]
      }
    },
    {
      "type": "Feature",
      "properties": {
        "name": "POSICION 84"
      },
      "geometry": {
        "type": "Polygon",
        "coordinates": [
          [
            [
              -99.0844517,
              19.4249826
            ],
            [
              -99.0840913,
              19.4248409
            ],
            [
              -99.0840056,
              19.4250394
            ],
            [
              -99.0840822,
              19.4252341
            ],
            [
              -99.0840598,
              19.425289
            ],
            [
              -99.0841234,
              19.4253155
            ],
            [
              -99.0841485,
              19.4252636
            ],
            [
              -99.084362,
              19.4251807
            ],
            [
              -99.0844517,
              19.4249826
            ]
          ]
        ]
      }
    },
    {
      "type": "Feature",
      "properties": {
        "name": "POSICION 85"
      },
      "geometry": {
        "type": "Polygon",
        "coordinates": [
          [
            [
              -99.0848577,
              19.4251419
            ],
            [
              -99.0844956,
              19.4249998
            ],
            [
              -99.0844093,
              19.4251982
            ],
            [
              -99.0845082,
              19.4254103
            ],
            [
              -99.0844864,
              19.4254608
            ],
            [
              -99.0845426,
              19.4254841
            ],
            [
              -99.0845634,
              19.42544
            ],
            [
              -99.0847711,
              19.425338
            ],
            [
              -99.0848577,
              19.4251419
            ]
          ]
        ]
      }
    },
    {
      "type": "Feature",
      "properties": {
        "name": "POSICION 86"
      },
      "geometry": {
        "type": "Polygon",
        "coordinates": [
          [
            [
              -99.0852506,
              19.4253085
            ],
            [
              -99.0848987,
              19.4251666
            ],
            [
              -99.0848086,
              19.4253587
            ],
            [
              -99.0849058,
              19.4255841
            ],
            [
              -99.0848914,
              19.4256243
            ],
            [
              -99.0849529,
              19.4256488
            ],
            [
              -99.0849717,
              19.4256058
            ],
            [
              -99.0851654,
              19.4254957
            ],
            [
              -99.0852506,
              19.4253085
            ]
          ]
        ]
      }
    },
    {
      "type": "Feature",
      "properties": {
        "name": "POSICION 87"
      },
      "geometry": {
        "type": "Polygon",
        "coordinates": [
          [
            [
              -99.0863797,
              19.4248578
            ],
            [
              -99.0861462,
              19.4249229
            ],
            [
              -99.0860646,
              19.4249089
            ],
            [
              -99.0860111,
              19.4247393
            ],
            [
              -99.0861085,
              19.4246262
            ],
            [
              -99.0860901,
              19.4245474
            ],
            [
              -99.0861534,
              19.4245335
            ],
            [
              -99.0861717,
              19.4246033
            ],
            [
              -99.0863203,
              19.4246691
            ],
            [
              -99.0863797,
              19.4248578
            ]
          ]
        ]
      }
    },
    {
      "type": "Feature",
      "properties": {
        "name": "POSICION 88"
      },
      "geometry": {
        "type": "Polygon",
        "coordinates": [
          [
            [
              -99.0866461,
              19.4244633
            ],
            [
              -99.0863402,
              19.4245482
            ],
            [
              -99.0862709,
              19.4243414
            ],
            [
              -99.0863648,
              19.424214
            ],
            [
              -99.0863458,
              19.4241564
            ],
            [
              -99.0864048,
              19.4241342
            ],
            [
              -99.0864227,
              19.4241856
            ],
            [
              -99.086585,
              19.4242705
            ],
            [
              -99.0866461,
              19.4244633
            ]
          ]
        ]
      }
    },
    {
      "type": "Feature",
      "properties": {
        "name": "POSICION 89"
      },
      "geometry": {
        "type": "Polygon",
        "coordinates": [
          [
            [
              -99.0868506,
              19.424571
            ],
            [
              -99.0869039,
              19.4248664
            ],
            [
              -99.0871088,
              19.4248318
            ],
            [
              -99.087213,
              19.4247007
            ],
            [
              -99.0872624,
              19.4246942
            ],
            [
              -99.0872581,
              19.4246488
            ],
            [
              -99.0872098,
              19.4246535
            ],
            [
              -99.087085,
              19.424532
            ],
            [
              -99.0868506,
              19.424571
            ]
          ]
        ]
      }
    },
    {
      "type": "Feature",
      "properties": {
        "name": "POSICION 90"
      },
      "geometry": {
        "type": "Polygon",
        "coordinates": [
          [
            [
              -99.0868878,
              19.4249155
            ],
            [
              -99.0866936,
              19.424944
            ],
            [
              -99.0867182,
              19.4251193
            ],
            [
              -99.0868691,
              19.4251912
            ],
            [
              -99.0869192,
              19.4251822
            ],
            [
              -99.0869995,
              19.425075
            ],
            [
              -99.0870365,
              19.4250682
            ],
            [
              -99.0870312,
              19.4250234
            ],
            [
              -99.0869946,
              19.4250276
            ],
            [
              -99.0868878,
              19.4249155
            ]
          ]
        ]
      }
    },
    {
      "type": "Feature",
      "properties": {
        "name": "POSICION 96"
      },
      "geometry": {
        "type": "Polygon",
        "coordinates": [
          [
            [
              -99.0898466,
              19.4302251
            ],
            [
              -99.0895275,
              19.4300667
            ],
            [
              -99.0893518,
              19.4303912
            ],
            [
              -99.0896656,
              19.4305424
            ],
            [
              -99.0898016,
              19.4305013
            ],
            [
              -99.08988,
              19.4305368
            ],
            [
              -99.0899585,
              19.4303892
            ],
            [
              -99.0898855,
              19.4303542
            ],
            [
              -99.0898466,
              19.4302251
            ]
          ]
        ]
      }
    },
    {
      "type": "Feature",
      "properties": {
        "name": "POSICION 95"
      },
      "geometry": {
        "type": "Polygon",
        "coordinates": [
          [
            [
              -99.0896336,
              19.430588
            ],
            [
              -99.0893224,
              19.430441
            ],
            [
              -99.0891538,
              19.4307452
            ],
            [
              -99.0894647,
              19.4309066
            ],
            [
              -99.0895966,
              19.430873
            ],
            [
              -99.0896808,
              19.4309107
            ],
            [
              -99.0897636,
              19.4307573
            ],
            [
              -99.0896824,
              19.4307166
            ],
            [
              -99.0896336,
              19.430588
            ]
          ]
        ]
      }
    },
    {
      "type": "Feature",
      "properties": {
        "name": "POSICION 94"
      },
      "geometry": {
        "type": "Polygon",
        "coordinates": [
          [
            [
              -99.0894461,
              19.4309511
            ],
            [
              -99.0891365,
              19.4307815
            ],
            [
              -99.0889473,
              19.4310824
            ],
            [
              -99.0892366,
              19.4312513
            ],
            [
              -99.0893746,
              19.4312226
            ],
            [
              -99.0894608,
              19.4312709
            ],
            [
              -99.0895531,
              19.4311207
            ],
            [
              -99.0894662,
              19.4310759
            ],
            [
              -99.0894461,
              19.4309511
            ]
          ]
        ]
      }
    },
    {
      "type": "Feature",
      "properties": {
        "name": "POSICION 93"
      },
      "geometry": {
        "type": "Polygon",
        "coordinates": [
          [
            [
              -99.0892188,
              19.4312805
            ],
            [
              -99.0889322,
              19.431107
            ],
            [
              -99.0887307,
              19.4314024
            ],
            [
              -99.0890133,
              19.4315791
            ],
            [
              -99.0891503,
              19.4315526
            ],
            [
              -99.0892241,
              19.4316017
            ],
            [
              -99.0893272,
              19.4314606
            ],
            [
              -99.089251,
              19.4314102
            ],
            [
              -99.0892188,
              19.4312805
            ]
          ]
        ]
      }
    },
    {
      "type": "Feature",
      "properties": {
        "name": "POSICION 92"
      },
      "geometry": {
        "type": "Polygon",
        "coordinates": [
          [
            [
              -99.0890018,
              19.4315992
            ],
            [
              -99.0887143,
              19.4314243
            ],
            [
              -99.0885043,
              19.4317174
            ],
            [
              -99.0887934,
              19.4319001
            ],
            [
              -99.088928,
              19.4318737
            ],
            [
              -99.0889958,
              19.431918
            ],
            [
              -99.0890958,
              19.4317793
            ],
            [
              -99.0890207,
              19.4317289
            ],
            [
              -99.0890018,
              19.4315992
            ]
          ]
        ]
      }
    },
    {
      "type": "Feature",
      "properties": {
        "name": "POSICION 97"
      },
      "geometry": {
        "type": "Polygon",
        "coordinates": [
          [
            [
              -99.0878525,
              19.4312461
            ],
            [
              -99.0877813,
              19.431019
            ],
            [
              -99.0878648,
              19.430888
            ],
            [
              -99.0881154,
              19.4308531
            ],
            [
              -99.0883603,
              19.4310079
            ],
            [
              -99.0880887,
              19.4313946
            ],
            [
              -99.0878525,
              19.4312461
            ]
          ]
        ]
      }
    },
    {
      "type": "Feature",
      "properties": {
        "name": "POSICION 98"
      },
      "geometry": {
        "type": "Polygon",
        "coordinates": [
          [
            [
              -99.0885577,
              19.4307228
            ],
            [
              -99.0883346,
              19.4305804
            ],
            [
              -99.0882129,
              19.4306474
            ],
            [
              -99.088115,
              19.4307861
            ],
            [
              -99.0881154,
              19.4308531
            ],
            [
              -99.0883603,
              19.4310079
            ],
            [
              -99.0885577,
              19.4307228
            ]
          ]
        ]
      }
    }
  ]
}